{"count":1,"self":61.234841599999996,"total":61.841179,"children":{"AgentResetIfDone":{"count":2958,"self":0.042470999999999995,"total":0.042470999999999995,"children":null},"AgentSendState":{"count":2958,"self":0.087187,"total":0.367036,"children":{"CollectObservations":{"count":7888,"self":0.279849,"total":0.279849,"children":null}}},"DecideAction":{"count":2958,"self":0.055499,"total":0.055499,"children":null},"AcademyStep":{"count":2958,"self":0.008633,"total":0.008633,"children":null},"AgentAct":{"count":2958,"self":0.131153,"total":0.131153,"children":null}}}